No,"Propinsi, Kab/Kota","Kecamatan, Desa/Kel",Alamat,Koordinat
149,"JAWA TIMUR, KOTA SURABAYA","KREMBANGAN, KEMAYORAN",GRESIK PPI LANGGAR 16,"-7.233941, 112.7268541"
172,"JAWA TIMUR, KOTA SURABAYA","SEMAMPIR, PEGIRIAN",WONOSARI 3/24,"-7.2718232, 112.7618757"
300,"JAWA TIMUR, KOTA SURABAYA","GUBENG, MOJO",MOJOKLANGGRU LOR 80,"-7.26833773, 112.76890883"
536,"JAWA TIMUR, KOTA SURABAYA","MULYOREJO, MANYAR SABRANGAN",MANYARSABRANGAN 4/25,"-7.28757576, 112.76360124"
597,"JAWA TIMUR, KOTA SURABAYA","TAMBAKSARI, PLOSO",PLOSO 9/9,"-7.2521372, 112.7660014"
699,"JAWA TIMUR, KOTA SURABAYA","BUBUTAN, BUBUTAN",JL. TEMBAAN II/59,"-7.24679118487984, 112.733754264191"
726,"JAWA TIMUR, KOTA SURABAYA","KREMBANGAN, KREMBANGAN SELATAN",INDRAPURA NO.54,"-7.2718623, 112.7618922"
742,"JAWA TIMUR, KOTA SURABAYA","WIYUNG, JAJAR TUNGGAL",DK. GEMOL,"-7.72909229, 112.72293942"
749,"JAWA TIMUR, KOTA SURABAYA","SUKOLILO, KEPUTIH",KEPUTIH 3-C/32,"-7.29249088, 112.80031245"
804,"JAWA TIMUR, KOTA SURABAYA","GUBENG, MOJO",KEDUNG PENGKOL 1/48-C,"-7.264403877645005, 112.76425337089161"
823,"JAWA TIMUR, KOTA SURABAYA","BUBUTAN, BUBUTAN",TEMBOK GEDE 3/42 SURABAYA,"-7.25450966041535, 112.728745155036"
824,"JAWA TIMUR, KOTA SURABAYA","BUBUTAN, GUNDIH",BABADAN 9/7 SURABAYA,"-7.2446053, 112.7212824"
846,"JAWA TIMUR, KOTA SURABAYA","TAMBAKSARI, PLOSO",BOGEN NO.15-F,"-7.25067147, 112.75771241"
848,"JAWA TIMUR, KOTA SURABAYA","WIYUNG, JAJAR TUNGGAL",DK. GOGOR 3/62,"-7.31183282565325, 112.706981208175"
849,"JAWA TIMUR, KOTA SURABAYA","TAMBAKSARI, PLOSO",PLOSO 1/65,"-7.2525336, 112.7647105"
962,"JAWA TIMUR, KOTA SURABAYA","KENJERAN, TANAH KALI KEDINDING",,"-7.22960744, 112.78265468"
1125,"JAWA TIMUR, KOTA SURABAYA","TANDES, BALONGSARI",BALONGSARI PRAJA II/22,"-7.2656978, 112.6783809"
1129,"JAWA TIMUR, KOTA SURABAYA","TAMBAKSARI, PACARKELING",JEDONG 1/2,"-7.25517666666667, 112.76029"
1133,"JAWA TIMUR, KOTA SURABAYA","SEMAMPIR, PEGIRIAN",WONOKUSUMO KIDUL 29,"-7.22568333333333, 112.75236"
1581,"JAWA TIMUR, KOTA SURABAYA","BENOWO, SEMEMI",KENDUNG JAYA I/8,"-7.248884, 112.6339722"
1616,"JAWA TIMUR, KOTA SURABAYA","WONOKROMO, SAWUNGGALING",WONOSARI KIDUL GG. KELINCI 119-B,"-7.2932529, 112.7267507"
1621,"JAWA TIMUR, KOTA SURABAYA","SEMAMPIR, WONOKUSUMO",TENGGUMUNG WETAN 3/8,"-7.22307641, 112.75834599"
1626,"JAWA TIMUR, KOTA SURABAYA","TAMBAKSARI, PLOSO",KRAMPUNG TENGAH NO.2,"-7.2500167, 112.7582153"
1633,"JAWA TIMUR, KOTA SURABAYA","SEMAMPIR, PEGIRIAN",WONOKUSUMO KIDUL 29,"-7.225365, 112.752776666667"
1828,"JAWA TIMUR, KOTA SURABAYA","GUNUNG ANYAR, GUNUNG ANYAR TAMBAK",JL.GUNUNGANYAR TAMBAK II / 9.A,"-7.34479973, 112.80406099"
1864,"JAWA TIMUR, KOTA SURABAYA","WIYUNG, BALAS KLUMPRIK",KLUMPRIK,"-7.33104, 112.684095"
1932,"JAWA TIMUR, KOTA SURABAYA","KENJERAN, TANAH KALI KEDINDING",TANAH MERAH 2/26-A,"-7.23121563, 112.76835625"
1966,"JAWA TIMUR, KOTA SURABAYA","TEGALSARI, TEGALSARI",KEDONDONG 19,"-7.27192, 112.73892"
1973,"JAWA TIMUR, KOTA SURABAYA","ASEM ROWO, ASEM ROWO",TAMBAK DALAM BARU IB / 28,"-7.2481521, 112.7083234"
2001,"JAWA TIMUR, KOTA SURABAYA","SEMAMPIR, PEGIRIAN",WONOKUSUMO KIDUL 29,"-7.22570666666667, 112.752333333333"
2006,"JAWA TIMUR, KOTA SURABAYA","TAMBAKSARI, PACARKELING",GERSIKAN NO.12,"-7.2544227, 112.7619519"
2008,"JAWA TIMUR, KOTA SURABAYA","SEMAMPIR, PEGIRIAN",WONOSARI 8.,"-7.223385, 112.749445"
2013,"JAWA TIMUR, KOTA SURABAYA","SEMAMPIR, PEGIRIAN",WONOKUSUMO KIDUL 29,"-7.22541333333333, 112.752766666667"
2022,"JAWA TIMUR, KOTA SURABAYA","SEMAMPIR, WONOKUSUMO",WONOKUSUMO RB 3-A,"-7.22333204, 112.75305173"
2024,"JAWA TIMUR, KOTA SURABAYA","SAWAHAN, KUPANG KRAJAN",KUPANG KRAJAN 7/20,"-7.27362736032423, 112.72657655085"
2133,"JAWA TIMUR, KOTA SURABAYA","TENGGILIS MEJOYO, KENDANGSARI",KENDANGSARI 14/19,"-7.32392333333333, 112.752693333333"
2139,"JAWA TIMUR, KOTA SURABAYA","SUKOLILO, KEPUTIH",RUSUNAWA KEPUTIH BLOK A 407,"-7.2994032, 112.8062153"
2177,"JAWA TIMUR, KOTA SURABAYA","SIMOKERTO, TAMBAKREJO",TAMBAK SEGARAN 2/64,"-7.2429254, 112.759345"
2221,"JAWA TIMUR, KOTA SURABAYA","SEMAMPIR, PEGIRIAN",JL. WONOSARI I,"-7.22360666666667, 112.749348333333"
2252,"JAWA TIMUR, KOTA SURABAYA","GENTENG, KAPASARI",GEMBONG 2 NO:4,"-7.2449673, 112.7511499"
2363,"JAWA TIMUR, KOTA SURABAYA","GENTENG, KETABANG",KANGINAN 3/18,"-7.25664272904396, 112.752271648496"
2439,"JAWA TIMUR, KOTA SURABAYA","SEMAMPIR, PEGIRIAN",PEGIRIAN 6/16..,"-7.2253471, 112.7474357"
2441,"JAWA TIMUR, KOTA SURABAYA","TEGALSARI, WONOREJO",WONOREJO 4/63,"-7.27206833333333, 112.732075"
2448,"JAWA TIMUR, KOTA SURABAYA","TAMBAKSARI, PACARKELING",JEDONG NO. 15-A,"-7.2564855, 112.7616963"
2452,"JAWA TIMUR, KOTA SURABAYA","SAWAHAN, PAKIS",KEMBANG KUNING MULYO 1/9,"-7.2835086, 112.7277143"
2610,"JAWA TIMUR, KOTA SURABAYA","KENJERAN, TAMBAK WEDI",TAMBAK WEDI BARU 16,"-7.21611, 112.77191596"
2842,"JAWA TIMUR, KOTA SURABAYA","SAWAHAN, KUPANG KRAJAN",BANYU URIP LOR 8/51,"-7.26923209699453, 112.720705972216"
2855,"JAWA TIMUR, KOTA SURABAYA","SEMAMPIR, PEGIRIAN",WONOSARI 3/11,"-7.22448666666667, 112.749723333333"
2864,"JAWA TIMUR, KOTA SURABAYA","SAWAHAN, KUPANG KRAJAN",BANYU URIP NO.280,"-7.26891955985397, 112.717613396468"
2866,"JAWA TIMUR, KOTA SURABAYA","TAMBAKSARI, PACARKELING",GERSIKAN 2/20,"-7.25685333333333, 112.763438333333"
2874,"JAWA TIMUR, KOTA SURABAYA","PABEAN CANTIAN, KREMBANGAN UTARA",DAPUAN BARU 3/57,"-7.2281351, 112.7333593"
2905,"JAWA TIMUR, KOTA SURABAYA","JAMBANGAN, KEBONSARI",JL.KEBONSARI I/27,"-7.3245526, 112.712748"
2927,"JAWA TIMUR, KOTA SURABAYA","KENJERAN, TAMBAK WEDI",TAMBAK WEDI BARU BARAT 8/36,"-7.21434911, 112.77122232"
3062,"JAWA TIMUR, KOTA SURABAYA","KENJERAN, TAMBAK WEDI",TAMBAK WEDI BARU BARAT 8/36,"-7.21434911, 112.77122232"
3121,"JAWA TIMUR, KOTA SURABAYA","GENTENG, EMBONG KALIASIN",KEPUTRAN PANJUNAN 5/18,"-7.2770991, 112.7404804"
3199,"JAWA TIMUR, KOTA SURABAYA","SEMAMPIR, PEGIRIAN",WONOSARI 3/31,"-7.2250429, 112.7526414"
3207,"JAWA TIMUR, KOTA SURABAYA","TAMBAKSARI, PLOSO",KRAMPUNG TENGAH NO. 5,"-7.2500381, 112.7585116"
3213,"JAWA TIMUR, KOTA SURABAYA","TAMBAKSARI, DUKUH SETRO",LEBAK REJO UTARA 7/23,"-7.236996, 112.7815527"
3214,"JAWA TIMUR, KOTA SURABAYA","SEMAMPIR, UJUNG",SAWAH PULO SR 1/40,"-7.22517339, 112.74277829"
3215,"JAWA TIMUR, KOTA SURABAYA","SEMAMPIR, PEGIRIAN",PEGIRIAN BUNTU 11,"-7.22518666666667, 112.74771"
3216,"JAWA TIMUR, KOTA SURABAYA","SIMOKERTO, SIDODADI",KAMPUNG SENG 77,"-7.23623785, 112.74844872"
3223,"JAWA TIMUR, KOTA SURABAYA","SEMAMPIR, WONOKUSUMO",WONOKUSUMO WETAN 1/28,"-7.22354341, 112.75366366"
3243,"JAWA TIMUR, KOTA SURABAYA","BUBUTAN, GUNDIH",MARGORUKUN XI/10 SURABAYA,"-7.2521238, 112.7249615"
3537,"JAWA TIMUR, KOTA SURABAYA","SAWAHAN, KUPANG KRAJAN",KUPANG KRAJAN 7/10,"-7.2739154, 112.7263515"
3540,"JAWA TIMUR, KOTA SURABAYA","SUKOLILO, NGINDEN JANGKUNGAN",JANGKUNGAN II/5,"-7.3059054, 112.7626983"
3542,"JAWA TIMUR, KOTA SURABAYA","WONOKROMO, SAWUNGGALING",GUNUNGSARI 2 SAWAH 34,"-7.3074743, 112.7224749"
3543,"JAWA TIMUR, KOTA SURABAYA","SEMAMPIR, PEGIRIAN",WONOSARI 3/9,"-7.22429666666667, 112.749901666667"
3550,"JAWA TIMUR, KOTA SURABAYA","GUNUNG ANYAR, RUNGKUT MENANGGAL",RUNGKUT MENANGGAL 3 / 8 A,"-7.3388384, 112.7675514"
3557,"JAWA TIMUR, KOTA SURABAYA","SEMAMPIR, UJUNG",SAWAH PULO SR 2/17,"-7.2248348, 112.7438928"
3569,"JAWA TIMUR, KOTA SURABAYA","JAMBANGAN, PAGESANGAN",PAGESANGAN II-B/9,"-7.3339683, 112.7108061"
3826,"JAWA TIMUR, KOTA SURABAYA","MULYOREJO, KALISARI",KALISARI DAMEN 47 SBY,"-7.2730043, 112.8074092"
3829,"JAWA TIMUR, KOTA SURABAYA","ASEM ROWO, ASEM ROWO",TAMBAK DALAM UTAMA NO. 46,"-7.2479333, 112.708919"
3831,"JAWA TIMUR, KOTA SURABAYA","KENJERAN, TAMBAK WEDI",TAMBAK WEDI BARU 14-A/10,"-7.21812836, 112.77190038"
3846,"JAWA TIMUR, KOTA SURABAYA","KENJERAN, TAMBAK WEDI",TAMBAK WEDI BARU GG. 18 UTARA/35,"-7.21607454, 112.77124131"
3875,"JAWA TIMUR, KOTA SURABAYA","TANDES, MANUKAN WETAN",BUNTARAN I/NO.55,"-7.2493662, 112.6740029"
3881,"JAWA TIMUR, KOTA SURABAYA","KREMBANGAN, MOROKREMBANGAN",MOROKREMBANGAN 9/7,"-7.2271739, 112.7074614"
3895,"JAWA TIMUR, KOTA SURABAYA","RUNGKUT, RUNGKUT KIDUL",RUNGKUT KIDUL GG. II/92,"-7.3285437, 112.7651707"
3983,"JAWA TIMUR, KOTA SURABAYA","GUBENG, KERTAJAYA",JUWINGAN 114,"-7.1472442, 112.8714363"
4003,"JAWA TIMUR, KOTA SURABAYA","TENGGILIS MEJOYO, TENGILIS MEJOYO",TENGGILIS LAMA 4-B/22,"-7.31611614, 112.76188649"
4035,"JAWA TIMUR, KOTA SURABAYA","GENTENG, GENTENG",GENTENG BANDAR 2/59 A,"-7.2612582, 112.7396066"
4042,"JAWA TIMUR, KOTA SURABAYA","GENTENG, EMBONG KALIASIN",KEPUTRAN KEJAMBON II/106,"-7.27475, 112.7388636"
4060,"JAWA TIMUR, KOTA SURABAYA","TAMBAKSARI, PACARKELING",PACARKELING 3/42-A,"-7.2578787, 112.7591672"
4105,"JAWA TIMUR, KOTA SURABAYA","GENTENG, EMBONG KALIASIN",KEPUTRAN KEJAMBON 2/73,"-7.2753388, 112.7398858"
4229,"JAWA TIMUR, KOTA SURABAYA","TENGGILIS MEJOYO, KUTISARI",KUTISARI SELATAN 47-E,"-7.3363262, 112.748449"
4299,"JAWA TIMUR, KOTA SURABAYA","TEGALSARI, WONOREJO",TEMPEL SUKOREJO 6/10-B,"-7.273035, 112.728215"
4305,"JAWA TIMUR, KOTA SURABAYA","TAMBAKSARI, PACARKELING",PACARKELING 3/39,"-7.2577399, 112.7592695"
4324,"JAWA TIMUR, KOTA SURABAYA","SEMAMPIR, PEGIRIAN",WONOKUSUMO KIDUL 28.,"-7.225385, 112.752811666667"
4347,"JAWA TIMUR, KOTA SURABAYA","SAMBIKEREP, SAMBIKEREP",DK. BUNGKAL NO. 74,"-7.273903, 112.6528133"
4360,"JAWA TIMUR, KOTA SURABAYA","ASEM ROWO, ASEM ROWO",TAMBAK DALAM BARU V NO. 1-B,"-7.2457892, 112.7081345"
4363,"JAWA TIMUR, KOTA SURABAYA","SEMAMPIR, WONOKUSUMO",WONOKUSUMO WETAN 2/29,"-7.22252481, 112.75324411"
4392,"JAWA TIMUR, KOTA SURABAYA","GUNUNG ANYAR, GUNUNG ANYAR",GUNUNGANYAR TENGAH 103,"-7.29142106, 112.80199284"
4404,"JAWA TIMUR, KOTA SURABAYA","SEMAMPIR, WONOKUSUMO",WONOKUSUMO WETAN 4/10,"-7.22261229, 112.75281723"
4420,"JAWA TIMUR, KOTA SURABAYA","JAMBANGAN, KARAH",BIBIS KARAH I/43,"-7.3133579, 112.7124192"
4450,"JAWA TIMUR, KOTA SURABAYA","GUNUNG ANYAR, RUNGKUT MENANGGAL",JL. KYAI SATARI II/5,"-7.3379075, 112.765233"
4471,"JAWA TIMUR, KOTA SURABAYA","SEMAMPIR, PEGIRIAN",PEGIRIAN 6/16,"-7.22516333333333, 112.747255"
4472,"JAWA TIMUR, KOTA SURABAYA","ASEM ROWO, ASEM ROWO",TAMBAK DALAM UTAMA NO. 37,"-7.24801272153854, 112.708000279963"
4484,"JAWA TIMUR, KOTA SURABAYA","GUNUNG ANYAR, GUNUNG ANYAR TAMBAK",JL.GUNUNGANYAR TAMBAK I / 14,"-7.3453333, 112.8042116"
4545,"JAWA TIMUR, KOTA SURABAYA","GUNUNG ANYAR, RUNGKUT TENGAH",RUNGKUT TENGAH I C / 19,"-7.3330455, 112.7656033"
4592,"JAWA TIMUR, KOTA SURABAYA","TENGGILIS MEJOYO, KENDANGSARI",KENDANGSARI GG.8/12,"-7.327565, 112.75013"
4608,"JAWA TIMUR, KOTA SURABAYA","PABEAN CANTIAN, KREMBANGAN UTARA",MUTERAN BARU 46,"-7.2285407, 112.7369358"
4630,"JAWA TIMUR, KOTA SURABAYA","SEMAMPIR, UJUNG",SAWAH PULO SR 2/9,"-7.22476275, 112.74401161"
4673,"JAWA TIMUR, KOTA SURABAYA","SAWAHAN, PETEMON",PETEMON 2/55,"-7.2628723, 112.7196915"
4689,"JAWA TIMUR, KOTA SURABAYA","ASEM ROWO, ASEM ROWO",TAMBAK PRING BRT GG TENGAH I/32,"-7.25112666666667, 112.701273333333"
4727,"JAWA TIMUR, KOTA SURABAYA","GUNUNG ANYAR, GUNUNG ANYAR TAMBAK",JL.GUNUNGANYAR TAMBAK. I / 28,"-7.34526742, 112.80365548"
4728,"JAWA TIMUR, KOTA SURABAYA","SEMAMPIR, UJUNG",HANGTUAH 8/58,"-7.22267351, 112.74366722"
4758,"JAWA TIMUR, KOTA SURABAYA","TAMBAKSARI, DUKUH SETRO",LEBAK REJO UTARA 8/3,"-7.2374363, 112.7811496"
4761,"JAWA TIMUR, KOTA SURABAYA","KENJERAN, TANAH KALI KEDINDING",TANAH MERAH SELADRI NO. 42,"-7.22781395, 112.7696246"
4766,"JAWA TIMUR, KOTA SURABAYA","GENTENG, EMBONG KALIASIN",KEPUTRAN KEJAMBON 2/73,"-7.2753377, 112.7398846"
4785,"JAWA TIMUR, KOTA SURABAYA","SEMAMPIR, PEGIRIAN",WONOKUSUMO JAYA 13/3,"-7.224035, 112.75205"
4809,"JAWA TIMUR, KOTA SURABAYA","TAMBAKSARI, GADING",GADING KARYA 4/22,"-7.2363396, 112.7814674"
4868,"JAWA TIMUR, KOTA SURABAYA","SEMAMPIR, SIDOTOPO",SIDOTOPO SEKOLAHAN 12/111-B,"-7.22650904, 112.75147185"
4881,"JAWA TIMUR, KOTA SURABAYA","TEGALSARI, TEGALSARI",KEDONDONG KIDUL 1/17-E,"-7.2746275, 112.7400296"
4893,"JAWA TIMUR, KOTA SURABAYA","GENTENG, EMBONG KALIASIN",KEPUTRAN KEJAMBON 2/91 -C,"-7.2753331, 112.7392366"
4894,"JAWA TIMUR, KOTA SURABAYA","BUBUTAN, GUNDIH",JL. GUNDIH LAPANGAN BLOK B/27,"-7.248104, 112.7287696"
4905,"JAWA TIMUR, KOTA SURABAYA","ASEM ROWO, GENTING KALIANAK",GENTING BARU NO.36-B,"-7.24142, 112.713095"
4958,"JAWA TIMUR, KOTA SURABAYA","BUBUTAN, ALUN-ALUN CONTONG",JL. SULUNG TENGAH NO. 26,"-7.2458225, 112.7414585"
4972,"JAWA TIMUR, KOTA SURABAYA","GUNUNG ANYAR, RUNGKUT TENGAH",RUNGKUT TENGAH GG. SAWAH 28,"-7.33401091, 112.77028223"
5048,"JAWA TIMUR, KOTA SURABAYA","SEMAMPIR, WONOKUSUMO",WONOKUSUMO WETAN 2/27-A,"-7.22251369, 112.75320921"
5087,"JAWA TIMUR, KOTA SURABAYA","SUKOLILO, KLAMPIS NGASEM",RUKO 21 BLOK C/5,"-7.28799301, 112.77626492"
5124,"JAWA TIMUR, KOTA SURABAYA","GENTENG, EMBONG KALIASIN",KEPUTRAN PANJUNAN 3/66,"-7.2755649, 112.7389651"
5136,"JAWA TIMUR, KOTA SURABAYA","SEMAMPIR, PEGIRIAN",WONOKUSUMO KIDUL 29,"-7.22538833333333, 112.752811666667"
5138,"JAWA TIMUR, KOTA SURABAYA","GUNUNG ANYAR, GUNUNG ANYAR TAMBAK",JL.GUNUNGANYAR TAMBAK. 3 / 17,"-7.34572043, 112.80491735"
5142,"JAWA TIMUR, KOTA SURABAYA","BENOWO, KANDANGAN",JUGRUK REJOSARI,"-7.26337833333333, 112.655541666667"
5201,"JAWA TIMUR, KOTA SURABAYA","BULAK, BULAK",BULAK RUKEM TIMUR 1-H/2,"-7.2351781, 112.7769699"
5209,"JAWA TIMUR, KOTA SURABAYA","SUKOMANUNGGAL, SUKOMANUNGGAL",DONOWATI 4/35,"-7.2668438, 112.6979425"
5229,"JAWA TIMUR, KOTA SURABAYA","GENTENG, EMBONG KALIASIN",KEPUTRAN KEJAMBON 1/74,"-7.2743238, 112.7396181"
5246,"JAWA TIMUR, KOTA SURABAYA","GAYUNGAN, KETINTANG",KETINTANG BARU 10/15,"-7.3159444, 112.7294182"
5251,"JAWA TIMUR, KOTA SURABAYA","SEMAMPIR, PEGIRIAN",WONOKUSUMO 60 BLK,"-7.22404166666667, 112.752283333333"
5315,"JAWA TIMUR, KOTA SURABAYA","SEMAMPIR, PEGIRIAN",PEGIRIAN 6/4-C,"-7.2259105, 112.7472574"
5451,"JAWA TIMUR, KOTA SURABAYA","GENTENG, GENTENG",GENTENG BANDAR II/31,"-7.25994304, 112.74192225"
5452,"JAWA TIMUR, KOTA SURABAYA","BENOWO, SEMEMI",BANDAREJO Gg.3/40,"-7.25271258037537, 112.643445711583"
5475,"JAWA TIMUR, KOTA SURABAYA","GENTENG, EMBONG KALIASIN",KEPUTRAN PANJUNAN 2/42,"-7.2764366, 112.7381169"
5519,"JAWA TIMUR, KOTA SURABAYA","GENTENG, EMBONG KALIASIN",KEPUTRAN PANJUNAN 2/24,"-7.275731, 112.740684"
5536,"JAWA TIMUR, KOTA SURABAYA","BUBUTAN, TEMBOK DUKUH",DEMAK SELATAN VI/40 SURABAYA,"-7.2506954, 112.719123"
5554,"JAWA TIMUR, KOTA SURABAYA","ASEM ROWO, TAMBAK SARIOSO",TAMBAK LANGON VII-C NO. 5,"-7.226495, 112.663988333333"
5559,"JAWA TIMUR, KOTA SURABAYA","BENOWO, KANDANGAN",TENGGER RAYA I-E,"-7.25785118993372, 112.653291514143"
5577,"JAWA TIMUR, KOTA SURABAYA","SEMAMPIR, PEGIRIAN",WONOKUSUMO KIDUL 29 BLK.,"-7.22525666666667, 112.752878333333"
5607,"JAWA TIMUR, KOTA SURABAYA","BUBUTAN, GUNDIH",SUMBER MULYO 6/15-C,"-7.2468703, 112.7263206"
5628,"JAWA TIMUR, KOTA SURABAYA","SEMAMPIR, UJUNG",SAWAH PULO SR 1/32,"-7.2251194, 112.743304"
5646,"JAWA TIMUR, KOTA SURABAYA","DUKUH PAKIS, GUNUNG SARI",PULOSARI 3.J/30,"-7.301049, 112.720173"
5667,"JAWA TIMUR, KOTA SURABAYA","GENTENG, EMBONG KALIASIN",KEPUTRAN PASAR KECIL I/9,"-7.2730824, 112.7417905"
5682,"JAWA TIMUR, KOTA SURABAYA","TAMBAKSARI, DUKUH SETRO",LEBAK JAYA UTARA 5-A RAWASAN NO.108,"-7.2351492, 112.7814668"
5720,"JAWA TIMUR, KOTA SURABAYA","WIYUNG, BALAS KLUMPRIK",SUMBERAN,"-7.33302333333333, 112.679531666667"
5721,"JAWA TIMUR, KOTA SURABAYA","GUNUNG ANYAR, RUNGKUT TENGAH",RUNGKUT TENGAH 1 B / 19,"-7.333161, 112.7662501"
5748,"JAWA TIMUR, KOTA SURABAYA","BENOWO, SEMEMI",UKA 20/27,"-7.2519375057891, 112.637572931126"
5758,"JAWA TIMUR, KOTA SURABAYA","BENOWO, SEMEMI",PERUMAHAN UKA 16/35,"-7.2503186, 112.6374036"
5774,"JAWA TIMUR, KOTA SURABAYA","GAYUNGAN, MENANGGAL",MENANGGAL 04/21,"-7.3406075, 112.724671"
5778,"JAWA TIMUR, KOTA SURABAYA","SEMAMPIR, PEGIRIAN",WONOKUSUMOKIDUL 29,"-7.22543333333333, 112.753026666667"
5806,"JAWA TIMUR, KOTA SURABAYA","GENTENG, EMBONG KALIASIN",KEPUTRAN PANJUNAN 3/51-B,"-7.2764797, 112.7395007"
5839,"JAWA TIMUR, KOTA SURABAYA","GENTENG, EMBONG KALIASIN",KEPUTRAN PANJUNAN 3/53,"-7.2764015, 112.7393618"
5853,"JAWA TIMUR, KOTA SURABAYA","BENOWO, SEMEMI",PERUMAHAN UKA 16/35,"-7.2503186, 112.6374036"
5893,"JAWA TIMUR, KOTA SURABAYA","WIYUNG, BALAS KLUMPRIK",JL. MANGGALA 25 - GEMPOL,"-7.3287, 112.682286666667"
5910,"JAWA TIMUR, KOTA SURABAYA","PABEAN CANTIAN, KREMBANGAN UTARA",DAPUAN 4/3,"-7.22987398, 112.7359955"
5951,"JAWA TIMUR, KOTA SURABAYA","KENJERAN, TAMBAK WEDI",TB WEDI BARU GG XVIII UTARA NO. 16,"-7.21555089, 112.77129854"
5953,"JAWA TIMUR, KOTA SURABAYA","BENOWO, SEMEMI",UKA. 10/14,"-7.25061002187431, 112.636619322002"
5957,"JAWA TIMUR, KOTA SURABAYA","JAMBANGAN, KARAH",JL. KARAH INDAH BLOK -H/NO. 12,"-7.7512517, 111.9355139"
5962,"JAWA TIMUR, KOTA SURABAYA","TAMBAKSARI, PACARKELING",PACARKELING 8/10,"-7.2578372, 112.7586705"
5966,"JAWA TIMUR, KOTA SURABAYA","SEMAMPIR, PEGIRIAN",TENGGUMUNG BARU MULYA 4/14,"-7.22574709, 112.75743316"
5967,"JAWA TIMUR, KOTA SURABAYA","SEMAMPIR, UJUNG",SAWAH PULO SR 3/22,"-7.22465166666667, 112.743528333333"
5977,"JAWA TIMUR, KOTA SURABAYA","SEMAMPIR, WONOKUSUMO",BULAK SARI GG 2 BUNTU 20,"-7.21588149, 112.75299541"
5979,"JAWA TIMUR, KOTA SURABAYA","TAMBAKSARI, PACARKELING",PACAR KELING 3/39-A,"-7.2578109, 112.7591284"
5982,"JAWA TIMUR, KOTA SURABAYA","TENGGILIS MEJOYO, KENDANGSARI",KENDANGSARI GG XI/14-B,"-7.32367833333333, 112.750185"
5989,"JAWA TIMUR, KOTA SURABAYA","ASEM ROWO, ASEM ROWO",TAMBAK MAYOR UTARA NO.6,"-7.25036333333333, 112.702633333333"
6002,"JAWA TIMUR, KOTA SURABAYA","GUNUNG ANYAR, RUNGKUT TENGAH",RUNGKUT TENGAH 3 LANGGAR 11,"-7.3347133, 112.7662253"
6008,"JAWA TIMUR, KOTA SURABAYA","ASEM ROWO, TAMBAK SARIOSO",TAMBAK LANGON VI NO. 3 A,"-7.22625333333333, 112.664575"
6027,"JAWA TIMUR, KOTA SURABAYA","GENTENG, EMBONG KALIASIN",KEPUTRAN KEJAMBON II NO.91 C,"-7.2752782, 112.7392706"
6032,"JAWA TIMUR, KOTA SURABAYA","ASEM ROWO, ASEM ROWO",TAMBAK MAYOR NO. 65,"-7.2493895, 112.7049613"
6039,"JAWA TIMUR, KOTA SURABAYA","GUNUNG ANYAR, GUNUNG ANYAR",JL.AMIR MACHMUD VII / 15,"-7.29146971, 112.80198791"
6040,"JAWA TIMUR, KOTA SURABAYA","WIYUNG, BALAS KLUMPRIK",SUMBERAN,"-7.3310139, 112.6797268"
6041,"JAWA TIMUR, KOTA SURABAYA","WIYUNG, BABATAN",BABATAN 2,"-7.30789, 112.679393333333"
6058,"JAWA TIMUR, KOTA SURABAYA","SEMAMPIR, UJUNG",HANGTUAH 8/22,"-7.2223639, 112.7424312"
6073,"JAWA TIMUR, KOTA SURABAYA","GENTENG, EMBONG KALIASIN",KEPUTRAN PANJUNAN 3/66,"-7.2756129, 112.7389582"
6076,"JAWA TIMUR, KOTA SURABAYA","TAMBAKSARI, DUKUH SETRO",LEBAK REJO UTARA 8/46,"-7.23632658831775, 112.781386775896"
6086,"JAWA TIMUR, KOTA SURABAYA","GUBENG, MOJO",MOJOKLANGGRU LOR 62 BLK,"-7.2679863, 112.7680199"
6091,"JAWA TIMUR, KOTA SURABAYA","SAWAHAN, KUPANG KRAJAN",KUPANG KRAJAN 7/27,"-7.27374577189209, 112.726372869743"
6095,"JAWA TIMUR, KOTA SURABAYA","BUBUTAN, GUNDIH",GUNDIH REL BLOK B/30-A,"-7.2479668725282, 112.728674411774"
6145,"JAWA TIMUR, KOTA SURABAYA","GENTENG, PENELEH",PENELEH 9/10,"-7.25262665, 112.73956935"
6159,"JAWA TIMUR, KOTA SURABAYA","KENJERAN, TAMBAK WEDI",TAMBAK WEDI BARU GG III NO. 55,"-7.21541420090944, 112.775550037622"
6190,"JAWA TIMUR, KOTA SURABAYA","SEMAMPIR, UJUNG",HANGTUAH 8/48.,"-7.2225531, 112.743344"
6196,"JAWA TIMUR, KOTA SURABAYA","TAMBAKSARI, PACARKELING",GERSIKAN 2/14-A,"-7.2564359, 112.7637381"
6208,"JAWA TIMUR, KOTA SURABAYA","SEMAMPIR, UJUNG",SAWAH PULO 69,"-7.2231471, 112.7473329"
6217,"JAWA TIMUR, KOTA SURABAYA","GENTENG, EMBONG KALIASIN",KEPUTRAN PANJUNAN 3/60,"-7.2762052, 112.7394412"
6234,"JAWA TIMUR, KOTA SURABAYA","GENTENG, EMBONG KALIASIN",KEPUTRAN PANJUNAN 1/6 -A,"-7.2759766, 112.7410954"
6235,"JAWA TIMUR, KOTA SURABAYA","GENTENG, EMBONG KALIASIN",KEPUTRAN PANJUNAN 3/52,"-7.2767512, 112.7381169"
6243,"JAWA TIMUR, KOTA SURABAYA","KARANG PILANG, KEBRAON",KEBRAON 4 / 8,"-7.3346389, 112.702672"
6256,"JAWA TIMUR, KOTA SURABAYA","GENTENG, EMBONG KALIASIN",KEPUTRAN PANJUNAN 2/32,"-7.2756863, 112.7405007"
6267,"JAWA TIMUR, KOTA SURABAYA","TAMBAKSARI, DUKUH SETRO",LEBAK JAYA UTARA 5-A RAWASAN 83,"-7.23541895393282, 112.78137428686"
6271,"JAWA TIMUR, KOTA SURABAYA","SEMAMPIR, PEGIRIAN",TENGG BARU PERINTIS 203,"-7.22808208, 112.75749342"
6275,"JAWA TIMUR, KOTA SURABAYA","GENTENG, EMBONG KALIASIN",KEPUTRAN PANJUNAN 3/95,"-7.276018, 112.738215"
6284,"JAWA TIMUR, KOTA SURABAYA","SEMAMPIR, PEGIRIAN",WONOKUSUMO KIDUL 29,"-7.22548, 112.753048333333"
6290,"JAWA TIMUR, KOTA SURABAYA","TAMBAKSARI, DUKUH SETRO",LEBAK JAYA UTARA 4-A RAWASAN NO.5,"-7.23711193073541, 112.780642462894"
6295,"JAWA TIMUR, KOTA SURABAYA","GENTENG, EMBONG KALIASIN",KEPUTRAN PANJUNAN 3/50-B,"-7.2760066, 112.7397892"
6341,"JAWA TIMUR, KOTA SURABAYA","GAYUNGAN, KETINTANG",KETINTANG BARU VI /11 B,"-7.3149511, 112.7299235"
6344,"JAWA TIMUR, KOTA SURABAYA","GENTENG, EMBONG KALIASIN",KEPUTRAN KEJAMBON 2/115,"-7.2748478, 112.7387588"
6367,"JAWA TIMUR, KOTA SURABAYA","WIYUNG, BABATAN",BABATAN,"-7.30911, 112.679653333333"
6374,"JAWA TIMUR, KOTA SURABAYA","TAMBAKSARI, DUKUH SETRO",LEBAK REJO UTARA 5/74,"-7.2351179, 112.7824014"
6391,"JAWA TIMUR, KOTA SURABAYA","GUBENG, PUCANG SEWU",KALIBOKOR KENCANA 1/34-A,"-7.28911778, 112.74798964"
6399,"JAWA TIMUR, KOTA SURABAYA","SEMAMPIR, SIDOTOPO",SIDOTOPO JAYA 3-A/51,"-7.2309881, 112.7555352"
6405,"JAWA TIMUR, KOTA SURABAYA","TEGALSARI, TEGALSARI",KEDONDONG KIDUL 1/26,"-7.27288666666667, 112.739598333333"
6431,"JAWA TIMUR, KOTA SURABAYA","WIYUNG, BABATAN",DK.KARANGAN 5/33,"-7.30907833333333, 112.683798333333"
6432,"JAWA TIMUR, KOTA SURABAYA","GENTENG, EMBONG KALIASIN",KEPUTRAN PANJUNAN III/54-C,"-7.2762077, 112.7394403"
6440,"JAWA TIMUR, KOTA SURABAYA","SEMAMPIR, UJUNG",SAWAH PULO SR 3/11,"-7.2245953, 112.743027"
6447,"JAWA TIMUR, KOTA SURABAYA","BULAK, BULAK",BULAK RUKEM TIMUR 1-D/17,"-7.236975, 112.774706666667"
6455,"JAWA TIMUR, KOTA SURABAYA","TAMBAKSARI, DUKUH SETRO",LEBAK REJO UTARA 8/28-B,"-7.23686, 112.7813286"
6462,"JAWA TIMUR, KOTA SURABAYA","SAMBIKEREP, SAMBIKEREP",DK. KALIJARAN,"-7.2820626, 112.6523892"
6466,"JAWA TIMUR, KOTA SURABAYA","SEMAMPIR, PEGIRIAN",PEGIRIAN 5/4,"-7.22518166666667, 112.747703333333"
6492,"JAWA TIMUR, KOTA SURABAYA","SEMAMPIR, UJUNG",SAWAH PULO SR 2/9,"-7.22485188, 112.74402332"
6495,"JAWA TIMUR, KOTA SURABAYA","GUNUNG ANYAR, GUNUNG ANYAR TAMBAK",GUNUNGANYAR TAMBAK I / 68,"-7.34538244, 112.80543566"
6496,"JAWA TIMUR, KOTA SURABAYA","TENGGILIS MEJOYO, TENGILIS MEJOYO",TENGGILIS LAMA 2/65-A,"-7.31787242, 112.75769302"
6505,"JAWA TIMUR, KOTA SURABAYA","BUBUTAN, GUNDIH",JL. MARGODADI 5,"-7.2479272, 112.7252746"
6519,"JAWA TIMUR, KOTA SURABAYA","BUBUTAN, ALUN-ALUN CONTONG",KAWATAN VI/1 SURABAYA,"-7.24783166666667, 112.736918333333"
6542,"JAWA TIMUR, KOTA SURABAYA","GENTENG, EMBONG KALIASIN",KEPUTRAN PANJUNAN 2/40,"-7.2756211, 112.7403919"
6543,"JAWA TIMUR, KOTA SURABAYA","GUNUNG ANYAR, RUNGKUT MENANGGAL",RUNGKUT MENANGGAL I.A / 6-E,"-7.3367252, 112.7675357"
6562,"JAWA TIMUR, KOTA SURABAYA","KARANG PILANG, KEDURUS",BOGANGIN I / 24,"-7.3219491, 112.708944"
6567,"JAWA TIMUR, KOTA SURABAYA","GENTENG, EMBONG KALIASIN",KEPUTRAN PANJUNAN 3/72,"-7.2760761, 112.738711"
6571,"JAWA TIMUR, KOTA SURABAYA","KENJERAN, TAMBAK WEDI",TAMBAK WEDI KOMPLEK KMS,"-7.2064883960411, 112.772969165817"
6586,"JAWA TIMUR, KOTA SURABAYA","BUBUTAN, TEMBOK DUKUH",KALIBUTUH BARAT III/69,"-7.25599598139524, 112.721664290875"
6602,"JAWA TIMUR, KOTA SURABAYA","BUBUTAN, GUNDIH",GUNDIH RIL BLOK A/30 SURABAYA,"-7.248156, 112.7289334"
6609,"JAWA TIMUR, KOTA SURABAYA","JAMBANGAN, PAGESANGAN",PAGESANGAN I/37,"-7.3322366, 112.7108766"
6633,"JAWA TIMUR, KOTA SURABAYA","BUBUTAN, GUNDIH",MARGORUKUN I BUNTU 15 SBY,"-7.2491311, 112.727063"
6640,"JAWA TIMUR, KOTA SURABAYA","BUBUTAN, GUNDIH",MARGORUKUN TENGAH NO.6 SBY,"-7.2494319, 112.7275401"
6652,"JAWA TIMUR, KOTA SURABAYA","GUBENG, AIRLANGGA",DHARMAWANGSA 4/21,"-7.26975023, 112.75543816"
6654,"JAWA TIMUR, KOTA SURABAYA","GUBENG, MOJO",MOJOKLANGGRU LOR 61-I,"-7.26786007, 112.76864024"
6669,"JAWA TIMUR, KOTA SURABAYA","GUNUNG ANYAR, RUNGKUT TENGAH",RAYA RUNGKUT TENGAH 59.A,"-7.3322312, 112.7701775"
6670,"JAWA TIMUR, KOTA SURABAYA","GAYUNGAN, MENANGGAL",MENANGGAL 3 GG PEPAYA NO.3,"-7.3402487, 112.7261148"
6691,"JAWA TIMUR, KOTA SURABAYA","SEMAMPIR, PEGIRIAN",PEGIRIAN 5/16,"-7.22554333333333, 112.747406666667"
6694,"JAWA TIMUR, KOTA SURABAYA","GUBENG, PUCANG SEWU",KALIBOKOR KENCANA 2/40,"-7.28930493, 112.74811457"
6699,"JAWA TIMUR, KOTA SURABAYA","BULAK, BULAK",BULAK RUKEM TIMUR 1-A/26,"-7.23666666666667, 112.774261666667"
6706,"JAWA TIMUR, KOTA SURABAYA","SEMAMPIR, PEGIRIAN",WONOSARI 3/21,"-7.223895, 112.750163333333"
6713,"JAWA TIMUR, KOTA SURABAYA","WIYUNG, BABATAN",BABATAN GG.I,"-7.3060061, 112.6802728"
6714,"JAWA TIMUR, KOTA SURABAYA","GUBENG, PUCANG SEWU",KALIBOKOR 1/20-B,"-7.28421097, 112.74983653"
6730,"JAWA TIMUR, KOTA SURABAYA","SEMAMPIR, UJUNG",HANGTUAH 2/8-B,"-7.22291666666667, 112.741173333333"
6732,"JAWA TIMUR, KOTA SURABAYA","TAMBAKSARI, PACARKELING",GUBENG MASJID 5/63,"-7.2681942, 112.7546193"
6745,"JAWA TIMUR, KOTA SURABAYA","TANDES, KARANG POH",GADEL SARI BARAT II/23,"-7.27136, 112.67554"
6747,"JAWA TIMUR, KOTA SURABAYA","BULAK, BULAK",BULAK RUKEM TIMUR 1/39-C,"-7.2349862, 112.7738045"
6752,"JAWA TIMUR, KOTA SURABAYA","GENTENG, EMBONG KALIASIN",KEPUTRAN PANJUNAN 3/33,"-7.276634, 112.7407718"
6764,"JAWA TIMUR, KOTA SURABAYA","KENJERAN, BULAK BANTENG",DK. BULAK BANTENG GG. SEKOLAHAN 4-A/36,"-7.2212137, 112.7644566"
6769,"JAWA TIMUR, KOTA SURABAYA","SIMOKERTO, SIDODADI",SIDOKAPASAN 10/10,"-7.23629681, 112.75002719"
6770,"JAWA TIMUR, KOTA SURABAYA","BULAK, BULAK",BOGORAMI I LANGGAR NO.8,"-7.23309166666667, 112.781263333333"
6771,"JAWA TIMUR, KOTA SURABAYA","GUNUNG ANYAR, GUNUNG ANYAR TAMBAK",GUNUNGANYAR TAMBAK 2 / 06,"-7.34479151, 112.80412515"
6777,"JAWA TIMUR, KOTA SURABAYA","WIYUNG, BABATAN",DK. KARANGAN TENGAH 73,"-7.31043, 112.687266666667"
6782,"JAWA TIMUR, KOTA SURABAYA","TAMBAKSARI, PACARKELING",ORO-ORO 2/7,"-7.2561147, 112.7594477"
6785,"JAWA TIMUR, KOTA SURABAYA","GUNUNG ANYAR, GUNUNG ANYAR",GUNUNGANYAR TENGAH 7.B / 19.A,"-7.28982775, 112.78310011"
6802,"JAWA TIMUR, KOTA SURABAYA","GENTENG, EMBONG KALIASIN",KEPUTRAN PANJUNAN 3/21,"-7.2768282, 112.7410168"
6817,"JAWA TIMUR, KOTA SURABAYA","PABEAN CANTIAN, BONGKARAN",WASPADA 72,"-7.2416026, 112.7415569"
6829,"JAWA TIMUR, KOTA SURABAYA","ASEM ROWO, GENTING KALIANAK",GENTING VI NO. 12,"-7.24431, 112.71615"
6832,"JAWA TIMUR, KOTA SURABAYA","WONOKROMO, SAWUNGGALING",WARINGIN KEDURUS 6,"-7.2971657, 112.7329029"
6833,"JAWA TIMUR, KOTA SURABAYA","SAMBIKEREP, LONTAR",DUKUH KUWUKAN,"-7.2728133, 112.6636599"
6839,"JAWA TIMUR, KOTA SURABAYA","KENJERAN, TANAH KALI KEDINDING",TANAH MERAH 4 KEMANGI 47,"-7.2276951, 112.76939142"
6848,"JAWA TIMUR, KOTA SURABAYA","GENTENG, GENTENG",JL.GENTENG CANDIREJO NO.36 .-,"-7.25789857, 112.73968322"
6873,"JAWA TIMUR, KOTA SURABAYA","GENTENG, GENTENG",JL.GENTENG CANDIREJO NO.36 .-,"-7.25789857, 112.73968322"
6882,"JAWA TIMUR, KOTA SURABAYA","ASEM ROWO, ASEM ROWO",TAMBAK DALAM BARU II TIMUR 4,"-7.246964, 112.708699"
6900,"JAWA TIMUR, KOTA SURABAYA","GENTENG, EMBONG KALIASIN",KEPUTRAN PASAR KECIL 3/32,"-7.273976, 112.7419288"
6911,"JAWA TIMUR, KOTA SURABAYA","ASEM ROWO, GENTING KALIANAK",GENTING V NO. 21,"-7.24407833333333, 112.716648333333"
6918,"JAWA TIMUR, KOTA SURABAYA","GENTENG, EMBONG KALIASIN",KEPUTRAN PANJUNAN II NO. 41,"-7.2760094, 112.7397817"
6933,"JAWA TIMUR, KOTA SURABAYA","SEMAMPIR, PEGIRIAN",KARANG TEMBOK 2/3,"-7.22434333333333, 112.746458333333"
6963,"JAWA TIMUR, KOTA SURABAYA","GUBENG, MOJO",MOJOKLANGGRU 61-I,"-7.26760889, 112.76852688"
6973,"JAWA TIMUR, KOTA SURABAYA","GAYUNGAN, KETINTANG",KETINTANG BARU 10/15,"-7.315938, 112.7294704"
6987,"JAWA TIMUR, KOTA SURABAYA","GENTENG, EMBONG KALIASIN",KEPUTRAN PANJUNAN 3/66,"-7.2755667, 112.7389657"
7002,"JAWA TIMUR, KOTA SURABAYA","ASEM ROWO, TAMBAK SARIOSO",TAMBAKLANGON V NO. 16,"-7.22667333333333, 112.664815"
7007,"JAWA TIMUR, KOTA SURABAYA","KENJERAN, TANAH KALI KEDINDING",TANAH MERAH IV SLADA NO. 21,"-7.22816076, 112.76888696"
7017,"JAWA TIMUR, KOTA SURABAYA","BENOWO, SEMEMI",UKA. 16-B NO.7,"-7.2494993, 112.6380761"
7030,"JAWA TIMUR, KOTA SURABAYA","GENTENG, GENTENG",JL.KETANDAN BARU 2/21 -,"-7.2570407, 112.7362357"
7035,"JAWA TIMUR, KOTA SURABAYA","GUNUNG ANYAR, RUNGKUT MENANGGAL",RUNGKUT MENANGGAL I C / 6,"-7.3364036, 112.7668104"
7049,"JAWA TIMUR, KOTA SURABAYA","GENTENG, EMBONG KALIASIN",KEPUTRAN KEJAMBON 1/76 -D,"-7.274261, 112.7396912"
7128,"JAWA TIMUR, KOTA SURABAYA","SEMAMPIR, PEGIRIAN",PEGIRIAN BUNTU 1..,"-7.22541833333333, 112.747523333333"
7129,"JAWA TIMUR, KOTA SURABAYA","GENTENG, EMBONG KALIASIN",JL.KEPUTRAN PANJUNAN 2/15-A,"-7.2761265, 112.7410198"
7131,"JAWA TIMUR, KOTA SURABAYA","BUBUTAN, GUNDIH",JL. GUNDIH LAPANGAN BLOK B/27,"-7.248104, 112.7287696"
7137,"JAWA TIMUR, KOTA SURABAYA","BUBUTAN, ALUN-ALUN CONTONG",KAWATAN 6/1,"-7.2478241, 112.7368717"
7140,"JAWA TIMUR, KOTA SURABAYA","GENTENG, EMBONG KALIASIN",KEPUTRAN PASAR KECIL 1/47,"-7.273193, 112.7408153"
7188,"JAWA TIMUR, KOTA SURABAYA","ASEM ROWO, GENTING KALIANAK",GENTING TAMBAK DALAM I NO. 51,"-7.24048833333333, 112.711251666667"
7191,"JAWA TIMUR, KOTA SURABAYA","BULAK, BULAK",BULAK RUKEM TIMUR 1-G/8-B,"-7.2351781, 112.7769699"
7198,"JAWA TIMUR, KOTA SURABAYA","BULAK, BULAK",BULAK RUKEM TIMUR 1-E/27,"-7.235085, 112.775265"
7203,"JAWA TIMUR, KOTA SURABAYA","ASEM ROWO, ASEM ROWO",TAMBAK PRING BRT TENGAH II / 72,"-7.250735, 112.701316666667"
7219,"JAWA TIMUR, KOTA SURABAYA","TAMBAKSARI, PACARKELING",PACARKELING 3/42-A,"-7.2578787, 112.7591672"
7225,"JAWA TIMUR, KOTA SURABAYA","GUNUNG ANYAR, RUNGKUT TENGAH",RUNGKUT TENGAH 5 A / 2 - B,"-7.3346915, 112.7697427"
7248,"JAWA TIMUR, KOTA SURABAYA","GAYUNGAN, KETINTANG",KETINTANG BARAT 41,"-7.3083132, 112.7232199"
7279,"JAWA TIMUR, KOTA SURABAYA","ASEM ROWO, ASEM ROWO",JL.ASEM III- B NO. 7,"-7.25045876, 112.71166888"
7297,"JAWA TIMUR, KOTA SURABAYA","BENOWO, SEMEMI",UKA.6/3,"-7.2511118883267, 112.63632520102"
7311,"JAWA TIMUR, KOTA SURABAYA","RUNGKUT, PENJARINGANSARI",PANDUGO GG. 6 NO.59,"-7.3254985, 112.7826893"
7355,"JAWA TIMUR, KOTA SURABAYA","KENJERAN, TANAH KALI KEDINDING",TANAH MERAH 4 KLUWIH 14-A,"-7.22819886, 112.76911002"
7360,"JAWA TIMUR, KOTA SURABAYA","GENTENG, EMBONG KALIASIN",KEPUTRAN PANJUNAN 3/54-A,"-7.2760311, 112.7394695"
7377,"JAWA TIMUR, KOTA SURABAYA","GUNUNG ANYAR, GUNUNG ANYAR TAMBAK",JL.GUNUNGANYAR TAMBAK II / 42,"-7.2922132, 112.7987652"
7381,"JAWA TIMUR, KOTA SURABAYA","SAWAHAN, PAKIS",PAKIS WETAN 5/41,"-7.3405531, 112.637465"
7387,"JAWA TIMUR, KOTA SURABAYA","JAMBANGAN, JAMBANGAN",JL. JAMBANGAN 125-B,"-7.3200165, 112.7122224"
7426,"JAWA TIMUR, KOTA SURABAYA","WIYUNG, BABATAN",DK. KARANGAN,"-7.3107509, 112.6870479"
7492,"JAWA TIMUR, KOTA SURABAYA","GENTENG, EMBONG KALIASIN",KEPUTRAN PASAR KECIL NO:2/2-L,"-7.2734241, 112.7411336"
7503,"JAWA TIMUR, KOTA SURABAYA","GENTENG, EMBONG KALIASIN",JL.KEPUTRAN PASAR KECIL 2/9.-,"-7.2735995, 112.7418124"
7523,"JAWA TIMUR, KOTA SURABAYA","BUBUTAN, ALUN-ALUN CONTONG",KAWATAN 6/11,"-7.2481989, 112.7371908"
7525,"JAWA TIMUR, KOTA SURABAYA","ASEM ROWO, ASEM ROWO",TAMBAK MAYOR VI-C NO. 62,"-7.2567458, 112.7057153"
7563,"JAWA TIMUR, KOTA SURABAYA","SAMBIKEREP, LONTAR",DUKUH KUWUKAN II / 17,"-7.2710242, 112.655435"
7577,"JAWA TIMUR, KOTA SURABAYA","SEMAMPIR, WONOKUSUMO",TENGGUMUNG WETAN GG GAYAM NO.9,"-7.221355, 112.7588244"
7580,"JAWA TIMUR, KOTA SURABAYA","SEMAMPIR, PEGIRIAN",WONOKUSUMO 32 BELAKANG,"-7.22383666666667, 112.751021666667"
7596,"JAWA TIMUR, KOTA SURABAYA","SEMAMPIR, UJUNG",HANGTUAH 7/33,"-7.2232981, 112.7430831"
7601,"JAWA TIMUR, KOTA SURABAYA","TEGALSARI, WONOREJO",TEMPEL SUKOREJO 5/10-A,"-7.273985, 112.728838333333"
7607,"JAWA TIMUR, KOTA SURABAYA","JAMBANGAN, KARAH",BIBIS KARAH III/8,"-7.3133579, 112.7124192"
7620,"JAWA TIMUR, KOTA SURABAYA","WIYUNG, BABATAN",BABATAN,"-7.30911, 112.679653333333"
7650,"JAWA TIMUR, KOTA SURABAYA","BUBUTAN, TEMBOK DUKUH",TEMBOK DUKUH IV/14 SURABAYA,"-7.25406986195594, 112.724434174597"
